Code,Product Name,UOM,Cost
1028,Sandwich Chicken. BSC,PCS,7.0
11004,12 OZ Hot Paper Cup. BSC,CUP,0.39
11005,12 OZ Hot Paper Cup W/O Logo. BSC,CUP,0.39
11036,12 OZ LID. BSC,PCS,0.0
11040,14 OZ LID. BSC,PCS,0.0
11041,14 OZ (Mocha Cup) W/O Logo. BSC,CUP,1.15
11008,14 OZ Plastic Cold Cup (Mocha). BSC,CUP,0.24
11006,16 OZ Hot Paper Cup. BSC,CUP,0.65
11039,16 OZ LID. BSC,PCS,0.0
11011,2*2 Cup Holder / Molded. BSC,PCS,0.14
11029,380ML Plastic Cold Cup (Small). BSC,CUP,0.13
11012,4*4 Cup Holder / Molded. BSC,PCS,0.22
11001,4 OZ Espresso Hot Cup. BSC,CUP,0.06
11009,500 U Plastic Cold Cup 16 OZ (Spanish). BSC,CUP,0.22
11035,700 U LID. BSC,PCS,0.0
11010,700 U Plastic Cold Cup 22 OZ (Large). BSC,CUP,0.14
11007,7 OZ Hot Paper Cup. BSC,CUP,0.21
11038,7 OZ LID. BSC,PCS,0.0
8001,7 UP. BSC,PCS,1.86
11045,8 OZ Plastic Cold Cup (Ice Cream). BSC,PCS,0.11
11002,9 OZ Hot Paper Cup. BSC,CUP,0.3
11003,9 OZ Hot Paper Cup W/O Logo. BSC,CUP,0.27
11037,9 OZ LID. BSC,PCS,0.0
3065,A4 Paper. BSC,Units,0.0
FX020,AC for Room. BSC,UNIT,1800.0
FX019,AC for Shop. BSC,UNIT,2400.0
FX041,Air Curtains. BSC,UNIT,900.0
5011,Almond Beans. BSC,KG,40.0
3060,American Coffee Jug. BSC,UNIT,15.0
FX009,American Coffee Machine. BSC,UNIT,2132.0
10020,American Filter. BSC,PKT,5.0
FX028,Apron. BSC,UNIT,1.07
3029,Arabic Coffee Kettle. BSC,PCS,40.0
9002,Arabic Coffee Powder. BSC,KG,60.0
6003,Avocado. BSC,KG,33.04
11015,Bakery Bag. BSC,KG,8.0
FX029,Barista CAP. BSC,UNIT,8.0
3007,Bar Spoon. BSC,PCS,17.0
3064,Battery AAA. BSC,PCS,0.3625
FX045,Bed. BSC,UNIT,160.0
6006,Beetroot. BSC,KG,2.39
8020,Berain Water. BSC,PCS,0.46
5005,Big Coffee Toffee Powder. BSC,KG,71.33
5004,Big Train Chocolate Powder. BSC,KG,66.88000000000001
5003,Big Train Mocha Powder. BSC,KG,66.88000000000001
7001,Black Berry Frozen. BSC,KG,32.6
2001,Black Berry Syrup. BSC,LTR,45.0
9005,Black - Colombian Coffee. BSC,KG,65.0
2024,Black Grapes Syrup. BSC,LTR,45.0
FX047,Blanket. BSC,UNIT,88.0
FX035,Blendtec Blender. BSC,UNIT,5000.0
FX038,Blendtec Jar. BSC,UNIT,0.0
7002,Blue Berry Frozen. BSC,KG,26.25
2002,Blue Berry Syrup. BSC,LTR,45.0
2003,Blue Curacao (LGN) Syrup. BSC,LTR,45.0
11026,Blue-Sky Box. BSC,BOX,9.0
11030,Blue Sky Cupholder. BSC,PCS,0.9500000000000001
11046,BlueSky Paper Bag. BSC,KG,30.0
4002,Blue Sky Sugar (S). BSC,KG,6.0
11024,BOTTLE 1.0 LTR. BSC,BTL,0.7000000000000001
11025,BOTTLE 1.5 LTR. BSC,BTL,1.0
2015,Bubble Gum Syrup. BSC,LTR,45.0
3038,Calculator. BSC,PCS,23.57
2039,Caramel Sauce (G). BSC,KG,20.0
2020,Caribbean Syrup. BSC,LTR,45.0
FX018,Cash Drawer. BSC,UNIT,150.0
3046,Cello Tape. BSC,PCS,2.08
5010,Cerelac Dates. BSC,KG,73.75
5009,Cerelac Fruits. BSC,KG,73.75
5008,Cerelac Honey. BSC,KG,73.75
3040,Chair. BSC,PCS,24.31
1015,Cheese Croissant. BSC,PCS,1.99
2021,Cherry Syrup. BSC,LTR,45.0
1010,Chocolate Cookies. BSC,PCS,3.38
1014,Chocolate Donut. BSC,PCS,2.52
9019,Cinnamon Powder. BSC,KG,25.0
2026,Cinnamon Syrup. BSC,LTR,45.0
9010,Classic Black Tea. BSC,SACHET,0.08
1013,Classic Donut. BSC,PCS,2.52
10004,Cleaning Brush. BSC,PCS,12.0
10002,Cleaning Mop. BSC,PCS,8.690000000000001
10005,Cleaning Whipper. BSC,PCS,12.09
10025,Cleanser Dispenser Btl. BSC,BTL,2.49
2014,Cloudy Lemonade Syrup. BSC,LTR,45.0
8002,Code Red. BSC,PCS,3.69
FX010,Coffee Grinder Machine. BSC,UNIT,3575.0
3057,Coffee Tamper. BSC,PCS,35.0
11027,Cold Brew BTL (Raw-Met). BSC,BTL,2.0
8017,Cold Brew (Coffee). BSC,BTL,3.44
10022,Cold Brew Filter. BSC,PKT,52.98
8015,Condensed Milk (397G). BSC,CAN * 397 ML,8.31
11028,Cookies Box. BSC,Units,0.49
FX004,Cookies & Pastry Dispenser. BSC,UNIT,2501.72
1019,Cotton Candy. BSC,PCS,1.73
FX056,Crepe Machine. BSC,UNIT,0.0
3043,Cup Carrier. BSC,PCS,95.0
3037,Cutting Board. BSC,PCS,25.0
2038,Dark Chocolate Sauce (G). BSC,KG,20.0
FX059,Date Label Machine. BSC,Units,0.0
11047,Date Label Roll. BSC,Units,0.0
6008,Dates Shukari. BSC,KG,12.17
10015,Dettol. BSC,BTL,5.0
3024,Dustbin (L). BSC,PCS,76.97
3062,Dustbin (S). BSC,PCS,60.6
3025,Dust Pan. BSC,PCS,8.91
3022,Electric Heater. BSC,PCS,134.47
9014,English Breakfast Tea. BSC,SACHET,0.42
9023,Espresso Brew Powder. BSC,KG,65.0
3054,Espresso Cleaning Brush. BSC,PCS,21.81
10019,Espresso Cleaning Powder. BSC,BTL,8.0
9001,Espresso Coffee Beans. BSC,KG,65.0
FX001,Espresso Machine. BSC,UNIT,12750.0
FX040,Espresso Portafilter. BSC,UNIT,0.0
3056,Espresso Shot Glass. BSC,PCS,11.47
9027,Ethiopian Coffee Beans. BSC,KG,75.0
9024,Ethiopian Coffee Powder. BSC,KG,85.0
FX034,Extension Board. BSC,UNIT,21.74
10010,Face Mask. BSC,PKT,4.0
10017,Fairy (Dishwashing) Liquid. BSC,BTL,5.0
3048,Fatura Stand. BSC,PCS,15.0
FX013,Fire Extinguisher. BSC,UNIT,100.0
FX057,Floor Mixer. BSC,UNIT,0.0
3039,Folder File. BSC,PCS,14.0
9003,French Coffee Powder. BSC,KG,70.43
3041,Fruit Basket. BSC,PCS,34.0
10001,Garbage Bag. BSC,CRT,40.0
10021,German Filter. BSC,PKT,24.96
9007,German Tea. BSC,KG,120.0
9017,Ginger Powder. BSC,KG,24.0
2017,Ginger Syrup. BSC,LTR,45.0
10018,Glass Cleaner. BSC,BTL,5.0
10011,Gloves. BSC,PKT,5.63
2033,Green Apple Syrup. BSC,LTR,45.0
2025,Green Mint Syrup. BSC,LTR,45.0
2005,Grenadine (Mixed Berry) Syrup. BSC,LTR,45.0
FX043,Grinder Driver Kit (L). BSC,PCS,80.10000000000001
FX042,Grinder Driver Kit (S). BSC,PCS,81.67
8033,GUINNESS BEER. BSC,PCS,9.46
10012,Hairnet. BSC,PKT,5.0
10009,Hand Wash. BSC,BTL,5.0
2030,Hasawy Lemon Syrup. BSC,LTR,45.0
2006,Hazelnut Syrup. BSC,LTR,45.0
FX024,HD Camera. BSC,UNIT,800.0
FX025,HD Camera Receiver. BSC,UNIT,500.0
2051,Hibiscus Sauce. BSC,KG,50.0
9008,Hibiscus Tea. BSC,SACHET,0.43
9016,Hill (Cardamom) Powder. BSC,KG,128.7
1006,Honey Cake. BSC,PCS,7.0
2034,Honey Syrup. BSC,ML,0.01
FX048,Ice Cream Machine. BSC,UNIT,1000.0
3023,Ice Cream Scooper. BSC,PCS,56.79000000000001
FX008,Ice Maker Machine. BSC,UNIT,11122.0
2031,Ice Peach Tea Syrup. BSC,LTR,45.0
11043,Ice Pellets Cup. BSC,PCS,0.3
FX026,Insecticide Light. BSC,UNIT,23.6
10008,Insect Killer. BSC,PCS,12.0
3051,Inventory Paper. BSC,Units,0.0
FX011,Juice Sealer Machine. BSC,UNIT,1253.0
5012,Karak Tea Powder. BSC,KG,40.0
1017,Kit Kat. BSC,PCS,0.8400000000000001
2029,Kiwi Syrup. BSC,LTR,45.0
3012,Knife Large. BSC,PCS,16.07
3017,Knife Small. BSC,PCS,3.16
3053,Knock Box. BSC,PCS,65.0
2008,Lavender Syrup. BSC,LTR,45.0
FX015,LCD TV. BSC,UNIT,1500.0
6001,Lemon. BSC,KG,8.21
3052,Lemon Squeezer. BSC,PCS,11.5
2028,Lime/Lemon Syrup. BSC,LTR,45.0
FX052,Lining Deep Fridge (Company). BSC,UNIT,0.0
FX006,Lining Deep Fridge (Fadeco). BSC,UNIT,26.51
8012,Long Life Milk. BSC,LTR,3.82
11018,Machine (POS) Roll. BSC,ROLL,1.6
FX023,Mada Machine. BSC,UNIT,1920.0
11019,Mada Roll. BSC,ROLL,0.6900000000000001
7004,Mango Frozen. BSC,KG,10.31
2047,Mango Syrup. BSC,LTR,41.42
3016,Marker. BSC,PCS,1.28
5016,Matcha Latte. BSC,KG,80.0
FX046,Mattess. BSC,UNIT,90.0
10013,Maxi (Napco) Roll. BSC,ROLL,5.05
3031,Measuring Spoon. BSC,PCS,2.5
3001,Metal Tong. BSC,PCS,4.31
FX012,Micro Wave Oven. BSC,UNIT,180.5
3004,Mint (Nana) Box. BSC,PCS,3.93
6004,Mint (Nana) Leaves. BSC,GRM,0.01
9018,Mismar (Cloves) Powder. BSC,KG,56.0
1012,Mix Cookies Cup. BSC,PCS,2.02
8008,Mixed Black Berry Juice. BSC,LTR,5.75
2011,Mojito Mint Syrup. BSC,LTR,45.0
FX033,Mop Bucket. BSC,UNIT,74.25
9011,Moroccan Tea (Twining's Gun Powder). BSC,BOX * 200 GRM,36.0
FX044,Moulinex Orange Juicer (S). BSC,UNIT,187.49
10016,Napkin Whipes. BSC,CRT,14.15
9006,Nescafe. BSC,BTL * 200 GRM,19.0
FX058,Nitrogen Gas Machine. BSC,UNIT,0.0
6002,Orange. BSC,KG,4.62
FX007,Orange Juicer Machine (L). BSC,UNIT,2000.0
1016,Oreo. BSC,PCS,0.62
3063,Painting Brush. BSC,PCS,3.0
3049,Pallet. BSC,PCS,120.0
2012,Passion Fruit Syrup. BSC,LTR,45.0
3011,Peacher Large. BSC,PCS,26.0
3018,Peacher Medium. BSC,PCS,24.0
3010,Peacher Small. BSC,PCS,21.47
2016,Peach Syrup. BSC,LTR,45.0
3015,Pen. BSC,PCS,0.35
5023,Pineapple Slices. BSC,CAN * 10 PCS,4.17
2048,Pineapple Syrup. BSC,LTR,41.42
9020,Pistachio Powder. BSC,KG,110.0
2042,Pistachio Sauce (C). BSC,KG,20.0
2022,Pistachio Syrup. BSC,LTR,45.0
11016,Plastic Bag (L). BSC,KG,5.84
11034,Plastic Bag (S). BSC,KG,5.84
11022,Plastic Fork. BSC,PKT,3.5
3006,Plastic Juice Jug. BSC,PCS,8.0
11017,Plastic Roll (Sealing). BSC,ROLL,62.0
11021,Plastic Spoon. BSC,PKT,2.44
FX016,POS & Accessories. BSC,UNIT,2150.0
FX017,POS Printer. BSC,UNIT,200.0
3028,Powder Box Big. BSC,PCS,6.56
3027,Powder Box Small. BSC,PCS,2.76
10003,Rag Yellow. BSC,PCS,0.88
7006,Rasp Berry Frozen. BSC,KG,26.25
2009,Rasp Berry Syrup. BSC,LTR,45.0
8003,Red Bull. BSC,PCS,8.540000000000001
FX039,RedBull Fridge. BSC,UNIT,0.0
2018,Red Grape Syrup. BSC,LTR,45.0
1009,Red Velvet Cake. BSC,PCS,7.0
5007,Red Velvet Powder. BSC,KG,45.0
8009,Roman (Pomegranate) Juice. BSC,LTR,5.75
2032,Roman (Pomegranate) Syrup. BSC,LTR,45.0
2013,Rose Syrup. BSC,LTR,45.0
11023,Rubber Band. BSC,PKT,0.75
3058,Rubber Mat. BSC,UNIT,25.43
1007,Saffron Milk Cake. BSC,PCS,7.0
9021,Saffron (Q) Powder. BSC,PCS,12.0
5017,Sahlab. BSC,KG,23.0
3035,Salt Bottle. BSC,PCS,10.0
2023,Salted Caramel Syrup. BSC,LTR,45.0
00X00,"Samples, Gifts, etc. BSC",UNIT,3.7
1025,Sandwich Halloumi. BSC,PCS,7.0
10024,Sanitizer. BSC,BTL,5.0
3005,Sauce Pump Big. BSC,PCS,0.0
3014,Scissors. BSC,PCS,5.0
3008,Shaker. BSC,PCS,35.0
1018,Snickers. BSC,PCS,1.42
8004,Spark Soft Drinks (L). BSC,PCS,1.29
FX050,Speaker. BSC,UNIT,25.0
10006,Sponge. BSC,PCS,1.38
10007,Sponge Steel. BSC,PCS,0.9
FX005,Standing Fridge (Almarai). BSC,UNIT,1.0
FX053,Standing Fridge (Company). BSC,UNIT,0.0
FX055,Standing Fridge (Fadeco). BSC,UNIT,0.0
3002,Stapler. BSC,PCS,13.63
3003,Stapler Pin. BSC,PKT,2.87
FX032,Steel Berry Box. BSC,UNIT,40.0
FX022,Steel Bucket Mango. BSC,UNIT,45.67
FX021,Steel Bucket Strawberry. BSC,UNIT,50.12
3033,Steel Spoon Big. BSC,PCS,0.8300000000000001
3032,Steel Spoon Small. BSC,PCS,0.75
7005,Straw Berry Frozen. BSC,KG,6.38
3026,Strawberry Scooper. BSC,PCS,25.0
2004,Straw Berry Syrup. BSC,LTR,45.0
3061,Straw Holder. BSC,UNIT,10.0
11013,Straw Juice 10MM. BSC,PKT,1.48
11014,Straw Juice 6MM. BSC,PKT,1.5
11042,Straw Paper 6 MM. BSC,PKT,5.0
3045,Sugar Box (10k). BSC,PCS,149.0
3044,Sugar Bucket (50K). BSC,PCS,34.0
3055,Sugar Spoon. BSC,PCS,2.0
4003,Sugar White (50K).BSC,KG,2.08
3013,Syrup Pump Small. BSC,PCS,3.0
3042,Syrup Stand. BSC,PCS,89.0
FX054,Table Fridge (Company). BSC,UNIT,0.0
3059,Tamper Mat. BSC,UNIT,25.0
8007,Tania Water Gallon. BSC,PCS,0.22
3009,Tea Strainer. BSC,PCS,12.0
3047,Temperature Machine. BSC,PCS,25.0
2041,Toffee Caramel Sauce (C). BSC,KG,20.0
2046,Topping Caramel Sauce. BSC,KG,20.0
2045,Topping Chocolate Sauce. BSC,KG,20.0
3036,Tray. BSC,PCS,10.0
4004,Tropicana (Diet) Sugar. BSC,SACHET,0.15
FX027,T-Shirts. BSC,UNIT,30.0
9004,Turkish Coffee Powder. BSC,KG,66.95
3020,Turkish Pot Big. BSC,PCS,19.96
3021,Turkish Pot Small. BSC,PCS,16.0
9013,Twinning Early Grey Tea. BSC,SACHET,0.5700000000000001
9012,Twinning Green Tea Pure. BSC,SACHET,0.78
9015,Twinning Lemon Ginger Tea. BSC,SACHET,0.9700000000000001
FX051,V60 Coffee Grinder Machine. BSC,UNIT,0.0
10023,V60 Filter. BSC,PKT,10.0
FX014,V60 Kettle & Set. BSC,UNIT,154.57
3030,V60 Pot (Jar). BSC,PCS,20.66
1011,Vanilla Cookies. BSC,PCS,3.38
7007,Vanilla Ice Cream (10LTR). BSC,LTR,6.260000000000001
5001,Vanilla Powder. BSC,KG,60.0
2007,Vanilla Syrup. BSC,LTR,45.0
2050,Vimto Syrup. BSC,LTR,17.5
FX002,Vitamix Blender Large. BSC,UNIT,7150.0
FX003,Vitamix Blender Small. BSC,UNIT,5648.0
FX036,Vitamix Jar Big. BSC,UNIT,0.0
FX037,Vitamix Jar Small. BSC,UNIT,252.8
2010,Water Melon Syrup. BSC,LTR,45.0
FX031,Water Purifier Filter. BSC,UNIT,25.65
FX030,Water Purifier Machine. BSC,UNIT,200.0
3034,Weighing Scale. BSC,PCS,38.22
8016,Whipping Cream. BSC,LTR,63.6
3019,Whipping Cream Dispenser. BSC,PCS,200.0
2040,White Chocolate Sauce (G). BSC,KG,20.0
2019,White Strawberry Syrup. BSC,LTR,45.0
FX049,Wifi Router. BSC,UNIT,150.0
11020,Wooden Stirrer. BSC,PKT,10.0
3050,Wrapping Roll. BSC,ROLL,80.28
